model,model_name,condition,level,metric,baseline_value,current_value,delta
mobilenetv3,MobileNetV3-Large,cross_generator,Level 1,accuracy,0.568,0.622,0.05400000000000005
mobilenetv3,MobileNetV3-Large,cross_generator,Level 1,precision,0.985714286,0.858823529,-0.12689075699999997
mobilenetv3,MobileNetV3-Large,cross_generator,Level 1,recall,0.138,0.292,0.15399999999999997
mobilenetv3,MobileNetV3-Large,cross_generator,Level 1,f1_score,0.242105263,0.435820896,0.19371563300000003
mobilenetv3,MobileNetV3-Large,cross_generator,Level 1,roc_auc,0.117848,0.165236,0.047388
mobilenetv3,MobileNetV3-Large,cross_generator,Level 1,total_inference_time_seconds,2.3714087,1.6451934,-0.7262153
mobilenetv3,MobileNetV3-Large,cross_generator,Level 1,inference_latency_ms_per_image,2.3714087,1.6451934,-0.7262153
mobilenetv3,MobileNetV3-Large,cross_generator,Level 1,throughput_images_per_second,421.6902805,607.8312738,186.1409933
mobilenetv3,MobileNetV3-Large,cross_generator,Level 1,peak_gpu_vram_mb_inference,263.2124023,263.2124023,0.0
mobilenetv3,MobileNetV3-Large,cross_generator,Level 1,baseline_ram_mb_inference,1234.09375,1233.207031,-0.8867190000000846
mobilenetv3,MobileNetV3-Large,cross_generator,Level 1,peak_ram_mb_inference,1251.585938,1249.914063,-1.671875
mobilenetv3,MobileNetV3-Large,cross_generator,Level 1,peak_ram_delta_mb_inference,17.4921875,16.70703125,-0.78515625
mobilenetv3,MobileNetV3-Large,cross_generator,Level 2,accuracy,0.568,0.621,0.05300000000000005
mobilenetv3,MobileNetV3-Large,cross_generator,Level 2,precision,0.985714286,0.906040268,-0.07967401799999996
mobilenetv3,MobileNetV3-Large,cross_generator,Level 2,recall,0.138,0.27,0.132
mobilenetv3,MobileNetV3-Large,cross_generator,Level 2,f1_score,0.242105263,0.416024653,0.17391939000000003
mobilenetv3,MobileNetV3-Large,cross_generator,Level 2,roc_auc,0.117848,0.242812,0.124964
mobilenetv3,MobileNetV3-Large,cross_generator,Level 2,total_inference_time_seconds,2.3714087,1.6899106,-0.6814981
mobilenetv3,MobileNetV3-Large,cross_generator,Level 2,inference_latency_ms_per_image,2.3714087,1.6899106,-0.6814981
mobilenetv3,MobileNetV3-Large,cross_generator,Level 2,throughput_images_per_second,421.6902805,591.7472794,170.05699890000005
mobilenetv3,MobileNetV3-Large,cross_generator,Level 2,peak_gpu_vram_mb_inference,263.2124023,263.2124023,0.0
mobilenetv3,MobileNetV3-Large,cross_generator,Level 2,baseline_ram_mb_inference,1234.09375,1264.851563,30.757812999999942
mobilenetv3,MobileNetV3-Large,cross_generator,Level 2,peak_ram_mb_inference,1251.585938,1282.765625,31.179687000000058
mobilenetv3,MobileNetV3-Large,cross_generator,Level 2,peak_ram_delta_mb_inference,17.4921875,17.9140625,0.421875
mobilenetv3,MobileNetV3-Large,cross_generator,Level 3,accuracy,0.568,0.755,0.18700000000000006
mobilenetv3,MobileNetV3-Large,cross_generator,Level 3,precision,0.985714286,0.8436657681940701,-0.14204851780592986
mobilenetv3,MobileNetV3-Large,cross_generator,Level 3,recall,0.138,0.626,0.488
mobilenetv3,MobileNetV3-Large,cross_generator,Level 3,f1_score,0.242105263,0.7187141216991964,0.47660885869919634
mobilenetv3,MobileNetV3-Large,cross_generator,Level 3,roc_auc,0.117848,0.122676,0.004827999999999999
mobilenetv3,MobileNetV3-Large,cross_generator,Level 3,total_inference_time_seconds,2.3714087,2.4794242000061786,0.10801550000617866
mobilenetv3,MobileNetV3-Large,cross_generator,Level 3,inference_latency_ms_per_image,2.3714087,2.4794242000061786,0.10801550000617866
mobilenetv3,MobileNetV3-Large,cross_generator,Level 3,throughput_images_per_second,421.6902805,403.319448119248,-18.37083238075195
mobilenetv3,MobileNetV3-Large,cross_generator,Level 3,peak_gpu_vram_mb_inference,263.2124023,263.21240234375,4.3749992073571775e-08
mobilenetv3,MobileNetV3-Large,cross_generator,Level 3,baseline_ram_mb_inference,1234.09375,1233.8125,-0.28125
mobilenetv3,MobileNetV3-Large,cross_generator,Level 3,peak_ram_mb_inference,1251.585938,1251.3359375,-0.2500004999999419
mobilenetv3,MobileNetV3-Large,cross_generator,Level 3,peak_ram_delta_mb_inference,17.4921875,17.5234375,0.03125
mobilenetv3,MobileNetV3-Large,cross_generator,Level 4,accuracy,0.568,0.775,0.20700000000000007
mobilenetv3,MobileNetV3-Large,cross_generator,Level 4,precision,0.985714286,0.8706199460916442,-0.11509433990835582
mobilenetv3,MobileNetV3-Large,cross_generator,Level 4,recall,0.138,0.646,0.508
mobilenetv3,MobileNetV3-Large,cross_generator,Level 4,f1_score,0.242105263,0.7416762342135477,0.49957097121354765
mobilenetv3,MobileNetV3-Large,cross_generator,Level 4,roc_auc,0.117848,0.107928,-0.009919999999999998
mobilenetv3,MobileNetV3-Large,cross_generator,Level 4,total_inference_time_seconds,2.3714087,1.6098520000086864,-0.7615566999913135
mobilenetv3,MobileNetV3-Large,cross_generator,Level 4,inference_latency_ms_per_image,2.3714087,1.6098520000086864,-0.7615566999913135
mobilenetv3,MobileNetV3-Large,cross_generator,Level 4,throughput_images_per_second,421.6902805,621.1751142307518,199.4848337307518
mobilenetv3,MobileNetV3-Large,cross_generator,Level 4,peak_gpu_vram_mb_inference,263.2124023,269.337890625,6.125488324999992
mobilenetv3,MobileNetV3-Large,cross_generator,Level 4,baseline_ram_mb_inference,1234.09375,1242.921875,8.828125
mobilenetv3,MobileNetV3-Large,cross_generator,Level 4,peak_ram_mb_inference,1251.585938,1267.75390625,16.167968250000058
mobilenetv3,MobileNetV3-Large,cross_generator,Level 4,peak_ram_delta_mb_inference,17.4921875,24.83203125,7.33984375
deit_tiny,DeiT-Tiny,cross_generator,Level 1,accuracy,0.668,0.644,-0.02400000000000002
deit_tiny,DeiT-Tiny,cross_generator,Level 1,precision,0.885321101,0.944444444,0.059123342999999995
deit_tiny,DeiT-Tiny,cross_generator,Level 1,recall,0.386,0.306,-0.08000000000000002
deit_tiny,DeiT-Tiny,cross_generator,Level 1,f1_score,0.537604457,0.46223565,-0.07536880700000004
deit_tiny,DeiT-Tiny,cross_generator,Level 1,roc_auc,0.174368,0.138452,-0.035916000000000003
deit_tiny,DeiT-Tiny,cross_generator,Level 1,total_inference_time_seconds,1.7483991,1.7035915,-0.04480760000000017
deit_tiny,DeiT-Tiny,cross_generator,Level 1,inference_latency_ms_per_image,1.7483991,1.7035915,-0.04480760000000017
deit_tiny,DeiT-Tiny,cross_generator,Level 1,throughput_images_per_second,571.9517929,586.9951805,15.04338759999996
deit_tiny,DeiT-Tiny,cross_generator,Level 1,peak_gpu_vram_mb_inference,103.1469727,103.1469727,0.0
deit_tiny,DeiT-Tiny,cross_generator,Level 1,baseline_ram_mb_inference,1350.078125,1302.199219,-47.878905999999915
deit_tiny,DeiT-Tiny,cross_generator,Level 1,peak_ram_mb_inference,1367.960938,1318.929688,-49.03125
deit_tiny,DeiT-Tiny,cross_generator,Level 1,peak_ram_delta_mb_inference,17.8828125,16.73046875,-1.15234375
deit_tiny,DeiT-Tiny,cross_generator,Level 2,accuracy,0.668,0.588,-0.08000000000000007
deit_tiny,DeiT-Tiny,cross_generator,Level 2,precision,0.885321101,0.923076923,0.03775582199999994
deit_tiny,DeiT-Tiny,cross_generator,Level 2,recall,0.386,0.192,-0.194
deit_tiny,DeiT-Tiny,cross_generator,Level 2,f1_score,0.537604457,0.317880795,-0.21972366200000004
deit_tiny,DeiT-Tiny,cross_generator,Level 2,roc_auc,0.174368,0.410544,0.23617600000000002
deit_tiny,DeiT-Tiny,cross_generator,Level 2,total_inference_time_seconds,1.7483991,2.0067535,0.25835439999999976
deit_tiny,DeiT-Tiny,cross_generator,Level 2,inference_latency_ms_per_image,1.7483991,2.0067535,0.25835439999999976
deit_tiny,DeiT-Tiny,cross_generator,Level 2,throughput_images_per_second,571.9517929,498.317307,-73.63448589999996
deit_tiny,DeiT-Tiny,cross_generator,Level 2,peak_gpu_vram_mb_inference,103.1469727,103.1469727,0.0
deit_tiny,DeiT-Tiny,cross_generator,Level 2,baseline_ram_mb_inference,1350.078125,1329.925781,-20.152344000000085
deit_tiny,DeiT-Tiny,cross_generator,Level 2,peak_ram_mb_inference,1367.960938,1346.050781,-21.910157000000027
deit_tiny,DeiT-Tiny,cross_generator,Level 2,peak_ram_delta_mb_inference,17.8828125,16.125,-1.7578125
deit_tiny,DeiT-Tiny,cross_generator,Level 3,accuracy,0.668,0.718,0.04999999999999993
deit_tiny,DeiT-Tiny,cross_generator,Level 3,precision,0.885321101,0.9007352941176472,0.015414193117647135
deit_tiny,DeiT-Tiny,cross_generator,Level 3,recall,0.386,0.49,0.10399999999999998
deit_tiny,DeiT-Tiny,cross_generator,Level 3,f1_score,0.537604457,0.6347150259067358,0.09711056890673575
deit_tiny,DeiT-Tiny,cross_generator,Level 3,roc_auc,0.174368,0.15848,-0.015887999999999985
deit_tiny,DeiT-Tiny,cross_generator,Level 3,total_inference_time_seconds,1.7483991,1.612109000005148,-0.1362900999948522
deit_tiny,DeiT-Tiny,cross_generator,Level 3,inference_latency_ms_per_image,1.7483991,1.612109000005148,-0.1362900999948522
deit_tiny,DeiT-Tiny,cross_generator,Level 3,throughput_images_per_second,571.9517929,620.305450808107,48.35365790810704
deit_tiny,DeiT-Tiny,cross_generator,Level 3,peak_gpu_vram_mb_inference,103.1469727,103.14697265625,-4.375000628442649e-08
deit_tiny,DeiT-Tiny,cross_generator,Level 3,baseline_ram_mb_inference,1350.078125,1305.13671875,-44.94140625
deit_tiny,DeiT-Tiny,cross_generator,Level 3,peak_ram_mb_inference,1367.960938,1319.12890625,-48.83203174999994
deit_tiny,DeiT-Tiny,cross_generator,Level 3,peak_ram_delta_mb_inference,17.8828125,13.9921875,-3.890625
deit_tiny,DeiT-Tiny,cross_generator,Level 4,accuracy,0.668,0.682,0.014000000000000012
deit_tiny,DeiT-Tiny,cross_generator,Level 4,precision,0.885321101,0.9174311926605504,0.032110091660550344
deit_tiny,DeiT-Tiny,cross_generator,Level 4,recall,0.386,0.4,0.014000000000000012
deit_tiny,DeiT-Tiny,cross_generator,Level 4,f1_score,0.537604457,0.5571030640668524,0.019498607066852358
deit_tiny,DeiT-Tiny,cross_generator,Level 4,roc_auc,0.174368,0.19542,0.021052000000000015
deit_tiny,DeiT-Tiny,cross_generator,Level 4,total_inference_time_seconds,1.7483991,1.753541900026903,0.005142800026902927
deit_tiny,DeiT-Tiny,cross_generator,Level 4,inference_latency_ms_per_image,1.7483991,1.753541900026903,0.005142800026902927
deit_tiny,DeiT-Tiny,cross_generator,Level 4,throughput_images_per_second,571.9517929,570.2743686846935,-1.6774242153064733
deit_tiny,DeiT-Tiny,cross_generator,Level 4,peak_gpu_vram_mb_inference,103.1469727,109.45947265625,6.312499956249994
deit_tiny,DeiT-Tiny,cross_generator,Level 4,baseline_ram_mb_inference,1350.078125,1307.61328125,-42.46484375
deit_tiny,DeiT-Tiny,cross_generator,Level 4,peak_ram_mb_inference,1367.960938,1331.640625,-36.32031299999994
deit_tiny,DeiT-Tiny,cross_generator,Level 4,peak_ram_delta_mb_inference,17.8828125,24.02734375,6.14453125
mobilenetv3,MobileNetV3-Large,in_domain,Level 1,accuracy,0.982,0.978,-0.0040000000000000036
mobilenetv3,MobileNetV3-Large,in_domain,Level 1,precision,0.987854251,0.974206349,-0.01364790199999999
mobilenetv3,MobileNetV3-Large,in_domain,Level 1,recall,0.976,0.982,0.006000000000000005
mobilenetv3,MobileNetV3-Large,in_domain,Level 1,f1_score,0.981891348,0.978087649,-0.0038036989999999937
mobilenetv3,MobileNetV3-Large,in_domain,Level 1,roc_auc,0.002592,0.002402,-0.00019000000000000006
mobilenetv3,MobileNetV3-Large,in_domain,Level 1,total_inference_time_seconds,2.1935438,2.1777192,-0.01582460000000019
mobilenetv3,MobileNetV3-Large,in_domain,Level 1,inference_latency_ms_per_image,2.1935438,2.1777192,-0.01582460000000019
mobilenetv3,MobileNetV3-Large,in_domain,Level 1,throughput_images_per_second,455.8833063,459.1960249,3.3127185999999824
mobilenetv3,MobileNetV3-Large,in_domain,Level 1,peak_gpu_vram_mb_inference,263.2124023,263.2124023,0.0
mobilenetv3,MobileNetV3-Large,in_domain,Level 1,baseline_ram_mb_inference,1162.964844,1161.984375,-0.9804690000000846
mobilenetv3,MobileNetV3-Large,in_domain,Level 1,peak_ram_mb_inference,1232.542969,1229.773438,-2.7695310000001427
mobilenetv3,MobileNetV3-Large,in_domain,Level 1,peak_ram_delta_mb_inference,69.578125,67.7890625,-1.7890625
mobilenetv3,MobileNetV3-Large,in_domain,Level 2,accuracy,0.982,0.98,-0.0020000000000000018
mobilenetv3,MobileNetV3-Large,in_domain,Level 2,precision,0.987854251,0.98582996,-0.0020242910000000114
mobilenetv3,MobileNetV3-Large,in_domain,Level 2,recall,0.976,0.974,-0.0020000000000000018
mobilenetv3,MobileNetV3-Large,in_domain,Level 2,f1_score,0.981891348,0.979879276,-0.002012071999999976
mobilenetv3,MobileNetV3-Large,in_domain,Level 2,roc_auc,0.002592,0.004828,0.0022359999999999997
mobilenetv3,MobileNetV3-Large,in_domain,Level 2,total_inference_time_seconds,2.1935438,1.714656,-0.4788878000000001
mobilenetv3,MobileNetV3-Large,in_domain,Level 2,inference_latency_ms_per_image,2.1935438,1.714656,-0.4788878000000001
mobilenetv3,MobileNetV3-Large,in_domain,Level 2,throughput_images_per_second,455.8833063,583.2073605,127.32405420000003
mobilenetv3,MobileNetV3-Large,in_domain,Level 2,peak_gpu_vram_mb_inference,263.2124023,263.2124023,0.0
mobilenetv3,MobileNetV3-Large,in_domain,Level 2,baseline_ram_mb_inference,1162.964844,1193.964844,31.0
mobilenetv3,MobileNetV3-Large,in_domain,Level 2,peak_ram_mb_inference,1232.542969,1258.789063,26.246093999999857
mobilenetv3,MobileNetV3-Large,in_domain,Level 2,peak_ram_delta_mb_inference,69.578125,64.82421875,-4.75390625
mobilenetv3,MobileNetV3-Large,in_domain,Level 3,accuracy,0.982,0.954,-0.028000000000000025
mobilenetv3,MobileNetV3-Large,in_domain,Level 3,precision,0.987854251,0.9382239382239382,-0.04963031277606178
mobilenetv3,MobileNetV3-Large,in_domain,Level 3,recall,0.976,0.972,-0.0040000000000000036
mobilenetv3,MobileNetV3-Large,in_domain,Level 3,f1_score,0.981891348,0.9548133595284872,-0.02707798847151277
mobilenetv3,MobileNetV3-Large,in_domain,Level 3,roc_auc,0.002592,0.009392,0.006799999999999999
mobilenetv3,MobileNetV3-Large,in_domain,Level 3,total_inference_time_seconds,2.1935438,2.270935299995472,0.07739149999547212
mobilenetv3,MobileNetV3-Large,in_domain,Level 3,inference_latency_ms_per_image,2.1935438,2.270935299995472,0.07739149999547212
mobilenetv3,MobileNetV3-Large,in_domain,Level 3,throughput_images_per_second,455.8833063,440.3471996767121,-15.536106623287935
mobilenetv3,MobileNetV3-Large,in_domain,Level 3,peak_gpu_vram_mb_inference,263.2124023,263.21240234375,4.3749992073571775e-08
mobilenetv3,MobileNetV3-Large,in_domain,Level 3,baseline_ram_mb_inference,1162.964844,1162.33984375,-0.6250002500000846
mobilenetv3,MobileNetV3-Large,in_domain,Level 3,peak_ram_mb_inference,1232.542969,1231.609375,-0.9335940000000846
mobilenetv3,MobileNetV3-Large,in_domain,Level 3,peak_ram_delta_mb_inference,69.578125,69.26953125,-0.30859375
mobilenetv3,MobileNetV3-Large,in_domain,Level 4,accuracy,0.982,0.957,-0.025000000000000022
mobilenetv3,MobileNetV3-Large,in_domain,Level 4,precision,0.987854251,0.9402697495183044,-0.047584501481695574
mobilenetv3,MobileNetV3-Large,in_domain,Level 4,recall,0.976,0.976,0.0
mobilenetv3,MobileNetV3-Large,in_domain,Level 4,f1_score,0.981891348,0.957801766437684,-0.024089581562315998
mobilenetv3,MobileNetV3-Large,in_domain,Level 4,roc_auc,0.002592,0.007968,0.005375999999999999
mobilenetv3,MobileNetV3-Large,in_domain,Level 4,total_inference_time_seconds,2.1935438,1.6857029999955555,-0.5078408000044445
mobilenetv3,MobileNetV3-Large,in_domain,Level 4,inference_latency_ms_per_image,2.1935438,1.6857029999955555,-0.5078408000044445
mobilenetv3,MobileNetV3-Large,in_domain,Level 4,throughput_images_per_second,455.8833063,593.2243105711009,137.34100427110087
mobilenetv3,MobileNetV3-Large,in_domain,Level 4,peak_gpu_vram_mb_inference,263.2124023,269.337890625,6.125488324999992
mobilenetv3,MobileNetV3-Large,in_domain,Level 4,baseline_ram_mb_inference,1162.964844,1162.4921875,-0.47265650000008463
mobilenetv3,MobileNetV3-Large,in_domain,Level 4,peak_ram_mb_inference,1232.542969,1237.14453125,4.601562249999915
mobilenetv3,MobileNetV3-Large,in_domain,Level 4,peak_ram_delta_mb_inference,69.578125,74.65234375,5.07421875
deit_tiny,DeiT-Tiny,in_domain,Level 1,accuracy,0.969,0.979,0.010000000000000009
deit_tiny,DeiT-Tiny,in_domain,Level 1,precision,0.968063872,0.97995992,0.011896047999999992
deit_tiny,DeiT-Tiny,in_domain,Level 1,recall,0.97,0.978,0.008000000000000007
deit_tiny,DeiT-Tiny,in_domain,Level 1,f1_score,0.969030969,0.978978979,0.009948010000000007
deit_tiny,DeiT-Tiny,in_domain,Level 1,roc_auc,0.004012,0.00192,-0.002092
deit_tiny,DeiT-Tiny,in_domain,Level 1,total_inference_time_seconds,2.2952307,1.9516997,-0.3435309999999998
deit_tiny,DeiT-Tiny,in_domain,Level 1,inference_latency_ms_per_image,2.2952307,1.9516997,-0.3435309999999998
deit_tiny,DeiT-Tiny,in_domain,Level 1,throughput_images_per_second,435.6860511,512.3739067,76.68785560000003
deit_tiny,DeiT-Tiny,in_domain,Level 1,peak_gpu_vram_mb_inference,103.1469727,103.1469727,0.0
deit_tiny,DeiT-Tiny,in_domain,Level 1,baseline_ram_mb_inference,1350.148438,1349.925781,-0.22265700000002653
deit_tiny,DeiT-Tiny,in_domain,Level 1,peak_ram_mb_inference,1368.914063,1361.8125,-7.101562999999942
deit_tiny,DeiT-Tiny,in_domain,Level 1,peak_ram_delta_mb_inference,18.765625,11.88671875,-6.87890625
deit_tiny,DeiT-Tiny,in_domain,Level 2,accuracy,0.969,0.976,0.007000000000000006
deit_tiny,DeiT-Tiny,in_domain,Level 2,precision,0.968063872,0.981781377,0.013717505000000019
deit_tiny,DeiT-Tiny,in_domain,Level 2,recall,0.97,0.97,0.0
deit_tiny,DeiT-Tiny,in_domain,Level 2,f1_score,0.969030969,0.975855131,0.0068241620000000225
deit_tiny,DeiT-Tiny,in_domain,Level 2,roc_auc,0.004012,0.006716,0.002704
deit_tiny,DeiT-Tiny,in_domain,Level 2,total_inference_time_seconds,2.2952307,1.7499206,-0.5453100999999998
deit_tiny,DeiT-Tiny,in_domain,Level 2,inference_latency_ms_per_image,2.2952307,1.7499206,-0.5453100999999998
deit_tiny,DeiT-Tiny,in_domain,Level 2,throughput_images_per_second,435.6860511,571.4544991,135.76844800000003
deit_tiny,DeiT-Tiny,in_domain,Level 2,peak_gpu_vram_mb_inference,103.1469727,103.1469727,0.0
deit_tiny,DeiT-Tiny,in_domain,Level 2,baseline_ram_mb_inference,1350.148438,1313.5625,-36.58593799999994
deit_tiny,DeiT-Tiny,in_domain,Level 2,peak_ram_mb_inference,1368.914063,1331.113281,-37.80078200000003
deit_tiny,DeiT-Tiny,in_domain,Level 2,peak_ram_delta_mb_inference,18.765625,17.55078125,-1.21484375
deit_tiny,DeiT-Tiny,in_domain,Level 3,accuracy,0.969,0.967,-0.0020000000000000018
deit_tiny,DeiT-Tiny,in_domain,Level 3,precision,0.968063872,0.9533980582524272,-0.014665813747572809
deit_tiny,DeiT-Tiny,in_domain,Level 3,recall,0.97,0.982,0.01200000000000001
deit_tiny,DeiT-Tiny,in_domain,Level 3,f1_score,0.969030969,0.967487684729064,-0.001543284270935974
deit_tiny,DeiT-Tiny,in_domain,Level 3,roc_auc,0.004012,0.005064,0.001052
deit_tiny,DeiT-Tiny,in_domain,Level 3,total_inference_time_seconds,2.2952307,1.675451700011763,-0.6197789999882368
deit_tiny,DeiT-Tiny,in_domain,Level 3,inference_latency_ms_per_image,2.2952307,1.675451700011763,-0.6197789999882368
deit_tiny,DeiT-Tiny,in_domain,Level 3,throughput_images_per_second,435.6860511,596.8539707787334,161.16791967873337
deit_tiny,DeiT-Tiny,in_domain,Level 3,peak_gpu_vram_mb_inference,103.1469727,103.14697265625,-4.375000628442649e-08
deit_tiny,DeiT-Tiny,in_domain,Level 3,baseline_ram_mb_inference,1350.148438,1303.14453125,-47.00390674999994
deit_tiny,DeiT-Tiny,in_domain,Level 3,peak_ram_mb_inference,1368.914063,1321.62109375,-47.29296924999994
deit_tiny,DeiT-Tiny,in_domain,Level 3,peak_ram_delta_mb_inference,18.765625,18.4765625,-0.2890625
deit_tiny,DeiT-Tiny,in_domain,Level 4,accuracy,0.969,0.976,0.007000000000000006
deit_tiny,DeiT-Tiny,in_domain,Level 4,precision,0.968063872,0.9779116465863452,0.009847774586345226
deit_tiny,DeiT-Tiny,in_domain,Level 4,recall,0.97,0.974,0.0040000000000000036
deit_tiny,DeiT-Tiny,in_domain,Level 4,f1_score,0.969030969,0.9759519038076152,0.006920934807615242
deit_tiny,DeiT-Tiny,in_domain,Level 4,roc_auc,0.004012,0.00658,0.002568
deit_tiny,DeiT-Tiny,in_domain,Level 4,total_inference_time_seconds,2.2952307,1.818087500003457,-0.47714319999654276
deit_tiny,DeiT-Tiny,in_domain,Level 4,inference_latency_ms_per_image,2.2952307,1.818087500003457,-0.47714319999654276
deit_tiny,DeiT-Tiny,in_domain,Level 4,throughput_images_per_second,435.6860511,550.0285327290893,114.34248162908932
deit_tiny,DeiT-Tiny,in_domain,Level 4,peak_gpu_vram_mb_inference,103.1469727,109.45947265625,6.312499956249994
deit_tiny,DeiT-Tiny,in_domain,Level 4,baseline_ram_mb_inference,1350.148438,1286.5390625,-63.60937549999994
deit_tiny,DeiT-Tiny,in_domain,Level 4,peak_ram_mb_inference,1368.914063,1310.19921875,-58.71484424999994
deit_tiny,DeiT-Tiny,in_domain,Level 4,peak_ram_delta_mb_inference,18.765625,23.66015625,4.89453125
