condition,level,metric,n_models,mean,std,min,max,range
cross_generator,Baseline,accuracy,2,0.618,0.07071067811865482,0.568,0.668,0.10000000000000009
cross_generator,Baseline,precision,2,0.9355176935,0.07098870189841554,0.885321101,0.985714286,0.10039318499999994
cross_generator,Baseline,recall,2,0.262,0.17536248173426378,0.138,0.386,0.248
cross_generator,Baseline,f1_score,2,0.38985486,0.2089494839125592,0.242105263,0.537604457,0.295499194
cross_generator,Baseline,roc_auc,2,0.146108,0.03996567527266367,0.117848,0.174368,0.05652
cross_generator,Baseline,total_inference_time_seconds,2,2.0599039,0.4405343129043184,1.7483991,2.3714087,0.6230095999999998
cross_generator,Baseline,inference_latency_ms_per_image,2,2.0599039,0.4405343129043184,1.7483991,2.3714087,0.6230095999999998
cross_generator,Baseline,throughput_images_per_second,2,496.8210367,106.2509343693865,421.6902805,571.9517929,150.26151240000002
cross_generator,Baseline,peak_gpu_vram_mb_inference,2,183.1796875,113.18335070369794,103.1469727,263.2124023,160.06542960000002
cross_generator,Baseline,baseline_ram_mb_inference,2,1292.0859375,82.01333807418348,1234.09375,1350.078125,115.984375
cross_generator,Baseline,peak_ram_mb_inference,2,1309.773438,82.28955166058446,1251.585938,1367.960938,116.375
cross_generator,Baseline,peak_ram_delta_mb_inference,2,17.6875,0.27621358640099514,17.4921875,17.8828125,0.390625
cross_generator,Level 1,accuracy,2,0.633,0.01555634918610406,0.622,0.644,0.02200000000000002
cross_generator,Level 1,precision,2,0.9016339865,0.060543129607897,0.858823529,0.944444444,0.08562091500000002
cross_generator,Level 1,recall,2,0.299,0.009899494936611674,0.292,0.306,0.014000000000000012
cross_generator,Level 1,f1_score,2,0.44902827300000003,0.01867805167677447,0.435820896,0.46223565,0.026414753999999985
cross_generator,Level 1,roc_auc,2,0.15184399999999998,0.01893914802730049,0.138452,0.165236,0.026784000000000002
cross_generator,Level 1,total_inference_time_seconds,2,1.67439245,0.04129369251841013,1.6451934,1.7035915,0.05839810000000001
cross_generator,Level 1,inference_latency_ms_per_image,2,1.67439245,0.04129369251841013,1.6451934,1.7035915,0.05839810000000001
cross_generator,Level 1,throughput_images_per_second,2,597.41322715,14.7333428658656,586.9951805,607.8312738,20.836093300000016
cross_generator,Level 1,peak_gpu_vram_mb_inference,2,183.1796875,113.18335070369794,103.1469727,263.2124023,160.06542960000002
cross_generator,Level 1,baseline_ram_mb_inference,2,1267.703125,48.784843983697264,1233.207031,1302.199219,68.99218800000017
cross_generator,Level 1,peak_ram_mb_inference,2,1284.4218755,48.80141644532782,1249.914063,1318.929688,69.015625
cross_generator,Level 1,peak_ram_delta_mb_inference,2,16.71875,0.016572815184059706,16.70703125,16.73046875,0.0234375
cross_generator,Level 2,accuracy,2,0.6045,0.02333452377915609,0.588,0.621,0.03300000000000003
cross_generator,Level 2,precision,2,0.9145585955,0.01204673427923567,0.906040268,0.923076923,0.017036654999999956
cross_generator,Level 2,recall,2,0.231,0.05515432893255071,0.192,0.27,0.07800000000000001
cross_generator,Level 2,f1_score,2,0.366952724,0.06939818752360961,0.317880795,0.416024653,0.09814385800000003
cross_generator,Level 2,roc_auc,2,0.326678,0.118604434621982,0.242812,0.410544,0.16773200000000002
cross_generator,Level 2,total_inference_time_seconds,2,1.8483320499999998,0.2240417631608111,1.6899106,2.0067535,0.3168428999999999
cross_generator,Level 2,inference_latency_ms_per_image,2,1.8483320499999998,0.2240417631608111,1.6899106,2.0067535,0.3168428999999999
cross_generator,Level 2,throughput_images_per_second,2,545.0322932,66.06496705011197,498.317307,591.7472794,93.4299724
cross_generator,Level 2,peak_gpu_vram_mb_inference,2,183.1796875,113.18335070369794,103.1469727,263.2124023,160.06542960000002
cross_generator,Level 2,baseline_ram_mb_inference,2,1297.388672,46.01442082821167,1264.851563,1329.925781,65.07421799999997
cross_generator,Level 2,peak_ram_mb_inference,2,1314.408203,44.749362956048465,1282.765625,1346.050781,63.285155999999915
cross_generator,Level 2,peak_ram_delta_mb_inference,2,17.01953125,1.2650582257165577,16.125,17.9140625,1.7890625
cross_generator,Level 3,accuracy,2,0.7364999999999999,0.02616295090390228,0.718,0.755,0.03700000000000003
cross_generator,Level 3,precision,2,0.8722005311558587,0.0403542487796628,0.8436657681940701,0.9007352941176472,0.05706952592357706
cross_generator,Level 3,recall,2,0.558,0.09616652224137047,0.49,0.626,0.136
cross_generator,Level 3,f1_score,2,0.6767145738029661,0.05939633024838726,0.6347150259067358,0.7187141216991964,0.08399909579246057
cross_generator,Level 3,roc_auc,2,0.140578,0.025317251193603157,0.122676,0.15848,0.035804000000000016
cross_generator,Level 3,total_inference_time_seconds,2,2.0457666000056633,0.6132844593468955,1.612109000005148,2.4794242000061786,0.8673152000010307
cross_generator,Level 3,inference_latency_ms_per_image,2,2.0457666000056633,0.6132844593468955,1.612109000005148,2.4794242000061786,0.8673152000010307
cross_generator,Level 3,throughput_images_per_second,2,511.8124494636775,153.43227392385464,403.319448119248,620.305450808107,216.986002688859
cross_generator,Level 3,peak_gpu_vram_mb_inference,2,183.1796875,113.18335076556977,103.14697265625,263.21240234375,160.0654296875
cross_generator,Level 3,baseline_ram_mb_inference,2,1269.474609375,50.4338387409577,1233.8125,1305.13671875,71.32421875
cross_generator,Level 3,peak_ram_mb_inference,2,1285.232421875,47.936867919892705,1251.3359375,1319.12890625,67.79296875
cross_generator,Level 3,peak_ram_delta_mb_inference,2,15.7578125,2.496970821064996,13.9921875,17.5234375,3.53125
cross_generator,Level 4,accuracy,2,0.7285,0.0657609306503489,0.682,0.775,0.09299999999999997
cross_generator,Level 4,precision,2,0.8940255693760972,0.0331005498846691,0.8706199460916442,0.9174311926605504,0.04681124656890623
cross_generator,Level 4,recall,2,0.523,0.17394826817189069,0.4,0.646,0.246
cross_generator,Level 4,f1_score,2,0.6493896491402,0.13051294023582666,0.5571030640668524,0.7416762342135477,0.18457317014669528
cross_generator,Level 4,roc_auc,2,0.151674,0.06186618649957343,0.107928,0.19542,0.08749200000000001
cross_generator,Level 4,total_inference_time_seconds,2,1.6816969500177947,0.10160410269089795,1.6098520000086864,1.753541900026903,0.14368990001821658
cross_generator,Level 4,inference_latency_ms_per_image,2,1.6816969500177947,0.10160410269089795,1.6098520000086864,1.753541900026903,0.14368990001821658
cross_generator,Level 4,throughput_images_per_second,2,595.7247414577226,35.99226234306875,570.2743686846935,621.1751142307518,50.90074554605826
cross_generator,Level 4,peak_gpu_vram_mb_inference,2,189.398681640625,113.05111351108029,109.45947265625,269.337890625,159.87841796875
cross_generator,Level 4,baseline_ram_mb_inference,2,1275.267578125,45.7437320438688,1242.921875,1307.61328125,64.69140625
cross_generator,Level 4,peak_ram_mb_inference,2,1299.697265625,45.17473205588275,1267.75390625,1331.640625,63.88671875
cross_generator,Level 4,peak_ram_delta_mb_inference,2,24.4296875,0.56899998798605,24.02734375,24.83203125,0.8046875
in_domain,Baseline,accuracy,2,0.9755,0.009192388155425127,0.969,0.982,0.013000000000000012
in_domain,Baseline,precision,2,0.9779590615,0.013993911193151864,0.968063872,0.987854251,0.019790379000000025
in_domain,Baseline,recall,2,0.973,0.004242640687119289,0.97,0.976,0.006000000000000005
in_domain,Baseline,f1_score,2,0.9754611584999999,0.009093661199529094,0.969030969,0.981891348,0.012860379000000033
in_domain,Baseline,roc_auc,2,0.0033020000000000002,0.0010040916292848973,0.002592,0.004012,0.0014199999999999998
in_domain,Baseline,total_inference_time_seconds,2,2.24438725,0.0719034965478382,2.1935438,2.2952307,0.1016868999999998
in_domain,Baseline,inference_latency_ms_per_image,2,2.24438725,0.0719034965478382,2.1935438,2.2952307,0.1016868999999998
in_domain,Baseline,throughput_images_per_second,2,445.7846787,14.28161611327528,435.6860511,455.8833063,20.19725520000003
in_domain,Baseline,peak_gpu_vram_mb_inference,2,183.1796875,113.18335070369794,103.1469727,263.2124023,160.06542960000002
in_domain,Baseline,baseline_ram_mb_inference,2,1256.5566410000001,132.35878864426945,1162.964844,1350.148438,187.18359399999986
in_domain,Baseline,peak_ram_mb_inference,2,1300.7285160000001,96.42892532522801,1232.542969,1368.914063,136.37109399999986
in_domain,Baseline,peak_ram_delta_mb_inference,2,44.171875,35.929863319041445,18.765625,69.578125,50.8125
in_domain,Level 1,accuracy,2,0.9784999999999999,0.0007071067811865482,0.978,0.979,0.0010000000000000009
in_domain,Level 1,precision,2,0.9770831345,0.004068389070138235,0.974206349,0.97995992,0.005753570999999957
in_domain,Level 1,recall,2,0.98,0.0028284271247461927,0.978,0.982,0.0040000000000000036
in_domain,Level 1,f1_score,2,0.978533314,0.0006302654872749828,0.978087649,0.978978979,0.000891329999999968
in_domain,Level 1,roc_auc,2,0.002161,0.0003408254685319159,0.00192,0.002402,0.000482
in_domain,Level 1,total_inference_time_seconds,2,2.06470945,0.15981992113039276,1.9516997,2.1777192,0.22601949999999982
in_domain,Level 1,inference_latency_ms_per_image,2,2.06470945,0.15981992113039276,1.9516997,2.1777192,0.22601949999999982
in_domain,Level 1,throughput_images_per_second,2,485.7849658,37.6024408299167,459.1960249,512.3739067,53.17788180000002
in_domain,Level 1,peak_gpu_vram_mb_inference,2,183.1796875,113.18335070369794,103.1469727,263.2124023,160.06542960000002
in_domain,Level 1,baseline_ram_mb_inference,2,1255.955078,132.89464264833404,1161.984375,1349.925781,187.94140599999992
in_domain,Level 1,peak_ram_mb_inference,2,1295.792969,93.36571612171103,1229.773438,1361.8125,132.03906200000006
in_domain,Level 1,peak_ram_delta_mb_inference,2,39.837890625,39.528926349846415,11.88671875,67.7890625,55.90234375
in_domain,Level 2,accuracy,2,0.978,0.0028284271247461927,0.976,0.98,0.0040000000000000036
in_domain,Level 2,precision,2,0.9838056685000001,0.002862780493496572,0.981781377,0.98582996,0.0040485829999999945
in_domain,Level 2,recall,2,0.972,0.0028284271247461927,0.97,0.974,0.0040000000000000036
in_domain,Level 2,f1_score,2,0.9778672035,0.0028455002179779637,0.975855131,0.979879276,0.0040241450000000345
in_domain,Level 2,roc_auc,2,0.005771999999999999,0.0013350176028802017,0.004828,0.006716,0.001888
in_domain,Level 2,total_inference_time_seconds,2,1.7322883,0.024935837795831188,1.714656,1.7499206,0.03526460000000009
in_domain,Level 2,inference_latency_ms_per_image,2,1.7322883,0.024935837795831188,1.714656,1.7499206,0.03526460000000009
in_domain,Level 2,throughput_images_per_second,2,577.3309298,8.310527994285641,571.4544991,583.2073605,11.752861400000029
in_domain,Level 2,peak_gpu_vram_mb_inference,2,183.1796875,113.18335070369794,103.1469727,263.2124023,160.06542960000002
in_domain,Level 2,baseline_ram_mb_inference,2,1253.763672,84.56831357161592,1193.964844,1313.5625,119.59765599999992
in_domain,Level 2,peak_ram_mb_inference,2,1294.951172,51.140944991814145,1258.789063,1331.113281,72.32421799999997
in_domain,Level 2,peak_ram_delta_mb_inference,2,41.1875,33.42736822624843,17.55078125,64.82421875,47.2734375
in_domain,Level 3,accuracy,2,0.9604999999999999,0.009192388155425127,0.954,0.967,0.013000000000000012
in_domain,Level 3,precision,2,0.9458109982381827,0.010729723170683141,0.9382239382239382,0.9533980582524272,0.015174120028488947
in_domain,Level 3,recall,2,0.977,0.007071067811865481,0.972,0.982,0.010000000000000009
in_domain,Level 3,f1_score,2,0.9611505221287756,0.008962101296291379,0.9548133595284872,0.967487684729064,0.012674325200576764
in_domain,Level 3,roc_auc,2,0.007228,0.003060358148975377,0.005064,0.009392,0.004327999999999999
in_domain,Level 3,total_inference_time_seconds,2,1.9731935000036176,0.4210704916338582,1.675451700011763,2.270935299995472,0.5954835999837091
in_domain,Level 3,inference_latency_ms_per_image,2,1.9731935000036176,0.4210704916338582,1.675451700011763,2.270935299995472,0.5954835999837091
in_domain,Level 3,throughput_images_per_second,2,518.6005852277227,110.66699914785004,440.3471996767121,596.8539707787334,156.50677110202128
in_domain,Level 3,peak_gpu_vram_mb_inference,2,183.1796875,113.18335076556977,103.14697265625,263.21240234375,160.0654296875
in_domain,Level 3,baseline_ram_mb_inference,2,1232.7421875,99.5639493541027,1162.33984375,1303.14453125,140.8046875
in_domain,Level 3,peak_ram_mb_inference,2,1276.615234375,63.647896714381304,1231.609375,1321.62109375,90.01171875
in_domain,Level 3,peak_ram_delta_mb_inference,2,43.873046875,35.91605263972139,18.4765625,69.26953125,50.79296875
in_domain,Level 4,accuracy,2,0.9664999999999999,0.013435028842544414,0.957,0.976,0.019000000000000017
in_domain,Level 4,precision,2,0.9590906980523248,0.026616840673537655,0.9402697495183044,0.9779116465863452,0.037641897068040775
in_domain,Level 4,recall,2,0.975,0.0014142135623730963,0.974,0.976,0.0020000000000000018
in_domain,Level 4,f1_score,2,0.9668768351226495,0.012834085213745726,0.957801766437684,0.9759519038076152,0.018150137369931207
in_domain,Level 4,roc_auc,2,0.007273999999999999,0.0009814642122869277,0.00658,0.007968,0.0013879999999999995
in_domain,Level 4,total_inference_time_seconds,2,1.7518952499995062,0.09360997767957777,1.6857029999955555,1.818087500003457,0.13238450000790158
in_domain,Level 4,inference_latency_ms_per_image,2,1.7518952499995062,0.09360997767957777,1.6857029999955555,1.818087500003457,0.13238450000790158
in_domain,Level 4,throughput_images_per_second,2,571.6264216500952,30.544027430714,550.0285327290893,593.2243105711009,43.19577784201158
in_domain,Level 4,peak_gpu_vram_mb_inference,2,189.398681640625,113.05111351108029,109.45947265625,269.337890625,159.87841796875
in_domain,Level 4,baseline_ram_mb_inference,2,1224.515625,87.71438649750002,1162.4921875,1286.5390625,124.046875
in_domain,Level 4,peak_ram_mb_inference,2,1273.671875,51.657464928714106,1237.14453125,1310.19921875,73.0546875
in_domain,Level 4,peak_ram_delta_mb_inference,2,49.15625,36.0569215687859,23.66015625,74.65234375,50.9921875
