model,model_name,level,condition,number_of_images,total_inference_time_seconds,inference_latency_ms_per_image,throughput_images_per_second,peak_gpu_vram_mb_inference,baseline_ram_mb_inference,peak_ram_mb_inference,peak_ram_delta_mb_inference
mobilenetv3,MobileNetV3-Large,Baseline,in_domain,1000,2.1935438,2.1935438,455.8833063,263.2124023,1162.964844,1232.542969,69.578125
mobilenetv3,MobileNetV3-Large,Baseline,cross_generator,1000,2.3714087,2.3714087,421.6902805,263.2124023,1234.09375,1251.585938,17.4921875
deit_tiny,DeiT-Tiny,Baseline,in_domain,1000,2.2952307,2.2952307,435.6860511,103.1469727,1350.148438,1368.914063,18.765625
deit_tiny,DeiT-Tiny,Baseline,cross_generator,1000,1.7483991,1.7483991,571.9517929,103.1469727,1350.078125,1367.960938,17.8828125
mobilenetv3,MobileNetV3-Large,Level 1,in_domain,1000,2.1777192,2.1777192,459.1960249,263.2124023,1161.984375,1229.773438,67.7890625
mobilenetv3,MobileNetV3-Large,Level 1,cross_generator,1000,1.6451934,1.6451934,607.8312738,263.2124023,1233.207031,1249.914063,16.70703125
deit_tiny,DeiT-Tiny,Level 1,in_domain,1000,1.9516997,1.9516997,512.3739067,103.1469727,1349.925781,1361.8125,11.88671875
deit_tiny,DeiT-Tiny,Level 1,cross_generator,1000,1.7035915,1.7035915,586.9951805,103.1469727,1302.199219,1318.929688,16.73046875
mobilenetv3,MobileNetV3-Large,Level 2,in_domain,1000,1.714656,1.714656,583.2073605,263.2124023,1193.964844,1258.789063,64.82421875
mobilenetv3,MobileNetV3-Large,Level 2,cross_generator,1000,1.6899106,1.6899106,591.7472794,263.2124023,1264.851563,1282.765625,17.9140625
deit_tiny,DeiT-Tiny,Level 2,in_domain,1000,1.7499206,1.7499206,571.4544991,103.1469727,1313.5625,1331.113281,17.55078125
deit_tiny,DeiT-Tiny,Level 2,cross_generator,1000,2.0067535,2.0067535,498.317307,103.1469727,1329.925781,1346.050781,16.125
mobilenetv3,MobileNetV3-Large,Level 3,in_domain,1000,2.270935299995472,2.270935299995472,440.3471996767121,263.21240234375,1162.33984375,1231.609375,69.26953125
mobilenetv3,MobileNetV3-Large,Level 3,cross_generator,1000,2.4794242000061786,2.4794242000061786,403.319448119248,263.21240234375,1233.8125,1251.3359375,17.5234375
deit_tiny,DeiT-Tiny,Level 3,in_domain,1000,1.675451700011763,1.675451700011763,596.8539707787334,103.14697265625,1303.14453125,1321.62109375,18.4765625
deit_tiny,DeiT-Tiny,Level 3,cross_generator,1000,1.612109000005148,1.612109000005148,620.305450808107,103.14697265625,1305.13671875,1319.12890625,13.9921875
mobilenetv3,MobileNetV3-Large,Level 4,in_domain,1000,1.6857029999955555,1.6857029999955555,593.2243105711009,269.337890625,1162.4921875,1237.14453125,74.65234375
mobilenetv3,MobileNetV3-Large,Level 4,cross_generator,1000,1.6098520000086864,1.6098520000086864,621.1751142307518,269.337890625,1242.921875,1267.75390625,24.83203125
deit_tiny,DeiT-Tiny,Level 4,in_domain,1000,1.818087500003457,1.818087500003457,550.0285327290893,109.45947265625,1286.5390625,1310.19921875,23.66015625
deit_tiny,DeiT-Tiny,Level 4,cross_generator,1000,1.753541900026903,1.753541900026903,570.2743686846935,109.45947265625,1307.61328125,1331.640625,24.02734375
