model,model_name,level,condition,number_of_images,accuracy,precision,recall,f1_score,roc_auc
mobilenetv3,MobileNetV3-Large,Baseline,in_domain,1000,98.2,98.7854251,97.6,98.1891348,0.2592
mobilenetv3,MobileNetV3-Large,Baseline,cross_generator,1000,56.8,98.5714286,13.8,24.210526299999998,11.784799999999999
deit_tiny,DeiT-Tiny,Baseline,in_domain,1000,96.89999999999999,96.8063872,97.0,96.9030969,0.4012
deit_tiny,DeiT-Tiny,Baseline,cross_generator,1000,66.8,88.53211010000001,38.6,53.760445700000005,17.436799999999998
mobilenetv3,MobileNetV3-Large,Level 1,in_domain,1000,97.8,97.4206349,98.2,97.8087649,0.2402
mobilenetv3,MobileNetV3-Large,Level 1,cross_generator,1000,62.2,85.8823529,29.2,43.5820896,16.5236
deit_tiny,DeiT-Tiny,Level 1,in_domain,1000,97.89999999999999,97.995992,97.8,97.8978979,0.192
deit_tiny,DeiT-Tiny,Level 1,cross_generator,1000,64.4,94.44444440000001,30.599999999999998,46.223565,13.845199999999998
mobilenetv3,MobileNetV3-Large,Level 2,in_domain,1000,98.0,98.582996,97.39999999999999,97.9879276,0.4828
mobilenetv3,MobileNetV3-Large,Level 2,cross_generator,1000,62.1,90.6040268,27.0,41.602465300000006,24.2812
deit_tiny,DeiT-Tiny,Level 2,in_domain,1000,97.6,98.17813770000001,97.0,97.5855131,0.6716
deit_tiny,DeiT-Tiny,Level 2,cross_generator,1000,58.8,92.3076923,19.2,31.7880795,41.0544
mobilenetv3,MobileNetV3-Large,Level 3,in_domain,1000,95.39999999999999,93.82239382239382,97.2,95.48133595284872,0.9391999999999999
mobilenetv3,MobileNetV3-Large,Level 3,cross_generator,1000,75.5,84.36657681940702,62.6,71.87141216991964,12.2676
deit_tiny,DeiT-Tiny,Level 3,in_domain,1000,96.7,95.33980582524272,98.2,96.7487684729064,0.5064
deit_tiny,DeiT-Tiny,Level 3,cross_generator,1000,71.8,90.07352941176472,49.0,63.47150259067358,15.848
mobilenetv3,MobileNetV3-Large,Level 4,in_domain,1000,95.7,94.02697495183044,97.6,95.7801766437684,0.7968
mobilenetv3,MobileNetV3-Large,Level 4,cross_generator,1000,77.5,87.06199460916442,64.60000000000001,74.16762342135476,10.7928
deit_tiny,DeiT-Tiny,Level 4,in_domain,1000,97.6,97.79116465863453,97.39999999999999,97.59519038076152,0.658
deit_tiny,DeiT-Tiny,Level 4,cross_generator,1000,68.2,91.74311926605505,40.0,55.71030640668524,19.542
