epoch,train_loss,train_accuracy,validation_loss,validation_accuracy,epoch_time_seconds
1,0.28741981649564374,0.8744444444444445,0.1753831767439842,0.933,98.57535529999996
2,0.12375128032763799,0.9515555555555556,0.15014248594641685,0.938,85.77673920000007
3,0.08923785024715794,0.966,0.15012647189199924,0.946,88.9052655999999
4,0.06657067606018649,0.9764444444444444,0.12220765642821789,0.95,86.18598090000023
5,0.06794186569408824,0.9753333333333334,0.08852613615244627,0.967,86.07055440000022
6,0.04113082887294392,0.9868888888888889,0.07140734498202801,0.975,86.22125659999983
7,0.03882016237121489,0.9855555555555555,0.1716722429469228,0.94,86.72100180000052
8,0.03682384294892351,0.9882222222222222,0.19900514706782996,0.934,89.30453679999937
9,0.036204370562401084,0.9866666666666667,0.09768472159653901,0.964,85.56515709999985
10,0.027378639780812793,0.9911111111111112,0.11304282182268799,0.959,85.78097500000058
11,0.04036561888290776,0.9857777777777778,0.1000285319685936,0.965,85.8270550999996
