model,condition,number_of_images,confusion_matrix,accuracy,precision,recall,f1_score,roc_auc,total_inference_time_seconds,inference_latency_ms_per_image,throughput_images_per_second,peak_gpu_vram_mb_inference,baseline_ram_mb_inference,peak_ram_mb_inference,peak_ram_delta_mb_inference,level
mobilenetv3,in_domain,1000,"[[488, 12], [6, 494]]",0.982,0.987854251,0.976,0.981891348,0.002592,2.1935438,2.1935438,455.8833063,263.2124023,1162.964844,1232.542969,69.578125,Baseline
mobilenetv3,cross_generator,1000,"[[69, 431], [1, 499]]",0.568,0.985714286,0.138,0.242105263,0.117848,2.3714087,2.3714087,421.6902805,263.2124023,1234.09375,1251.585938,17.4921875,Baseline
deit_tiny,in_domain,1000,"[[485, 15], [16, 484]]",0.969,0.968063872,0.97,0.969030969,0.004012,2.2952307,2.2952307,435.6860511,103.1469727,1350.148438,1368.914063,18.765625,Baseline
deit_tiny,cross_generator,1000,"[[193, 307], [25, 475]]",0.668,0.885321101,0.386,0.537604457,0.174368,1.7483991,1.7483991,571.9517929,103.1469727,1350.078125,1367.960938,17.8828125,Baseline
mobilenetv3,in_domain,1000,"[[491, 9], [13, 487]]",0.978,0.974206349,0.982,0.978087649,0.002402,2.1777192,2.1777192,459.1960249,263.2124023,1161.984375,1229.773438,67.7890625,Level 1
mobilenetv3,cross_generator,1000,"[[146, 354], [24, 476]]",0.622,0.858823529,0.292,0.435820896,0.165236,1.6451934,1.6451934,607.8312738,263.2124023,1233.207031,1249.914063,16.70703125,Level 1
deit_tiny,in_domain,1000,"[[489, 11], [10, 490]]",0.979,0.97995992,0.978,0.978978979,0.00192,1.9516997,1.9516997,512.3739067,103.1469727,1349.925781,1361.8125,11.88671875,Level 1
deit_tiny,cross_generator,1000,"[[153, 347], [9, 491]]",0.644,0.944444444,0.306,0.46223565,0.138452,1.7035915,1.7035915,586.9951805,103.1469727,1302.199219,1318.929688,16.73046875,Level 1
mobilenetv3,in_domain,1000,"[[487, 13], [7, 493]]",0.98,0.98582996,0.974,0.979879276,0.004828,1.714656,1.714656,583.2073605,263.2124023,1193.964844,1258.789063,64.82421875,Level 2
mobilenetv3,cross_generator,1000,"[[135, 365], [14, 486]]",0.621,0.906040268,0.27,0.416024653,0.242812,1.6899106,1.6899106,591.7472794,263.2124023,1264.851563,1282.765625,17.9140625,Level 2
deit_tiny,in_domain,1000,"[[485, 15], [9, 491]]",0.976,0.981781377,0.97,0.975855131,0.006716,1.7499206,1.7499206,571.4544991,103.1469727,1313.5625,1331.113281,17.55078125,Level 2
deit_tiny,cross_generator,1000,"[[96, 404], [8, 492]]",0.588,0.923076923,0.192,0.317880795,0.410544,2.0067535,2.0067535,498.317307,103.1469727,1329.925781,1346.050781,16.125,Level 2
mobilenetv3,in_domain,1000,"[[486, 14], [32, 468]]",0.954,0.9382239382239382,0.972,0.9548133595284872,0.009392,2.270935299995472,2.270935299995472,440.3471996767121,263.21240234375,1162.33984375,1231.609375,69.26953125,Level 3
mobilenetv3,cross_generator,1000,"[[313, 187], [58, 442]]",0.755,0.8436657681940701,0.626,0.7187141216991964,0.122676,2.4794242000061786,2.4794242000061786,403.319448119248,263.21240234375,1233.8125,1251.3359375,17.5234375,Level 3
deit_tiny,in_domain,1000,"[[491, 9], [24, 476]]",0.967,0.9533980582524272,0.982,0.967487684729064,0.005064,1.675451700011763,1.675451700011763,596.8539707787334,103.14697265625,1303.14453125,1321.62109375,18.4765625,Level 3
deit_tiny,cross_generator,1000,"[[245, 255], [27, 473]]",0.718,0.9007352941176472,0.49,0.6347150259067358,0.15848,1.612109000005148,1.612109000005148,620.305450808107,103.14697265625,1305.13671875,1319.12890625,13.9921875,Level 3
mobilenetv3,in_domain,1000,"[[488, 12], [31, 469]]",0.957,0.9402697495183044,0.976,0.957801766437684,0.007968,1.6857029999955555,1.6857029999955555,593.2243105711009,269.337890625,1162.4921875,1237.14453125,74.65234375,Level 4
mobilenetv3,cross_generator,1000,"[[323, 177], [48, 452]]",0.775,0.8706199460916442,0.646,0.7416762342135477,0.107928,1.6098520000086864,1.6098520000086864,621.1751142307518,269.337890625,1242.921875,1267.75390625,24.83203125,Level 4
deit_tiny,in_domain,1000,"[[487, 13], [11, 489]]",0.976,0.9779116465863452,0.974,0.9759519038076152,0.00658,1.818087500003457,1.818087500003457,550.0285327290893,109.45947265625,1286.5390625,1310.19921875,23.66015625,Level 4
deit_tiny,cross_generator,1000,"[[200, 300], [18, 482]]",0.682,0.9174311926605504,0.4,0.5571030640668524,0.19542,1.753541900026903,1.753541900026903,570.2743686846935,109.45947265625,1307.61328125,1331.640625,24.02734375,Level 4
