model,level,condition,number_of_images,accuracy_percent,precision_percent,recall_percent,f1_score_percent,roc_auc_percent
mobilenetv3,Level 4,cross_generator,1000,77.5,87.06199460916442,64.60000000000001,74.16762342135476,10.7928
mobilenetv3,Level 3,cross_generator,1000,75.5,84.36657681940702,62.6,71.87141216991964,12.2676
deit_tiny,Level 3,cross_generator,1000,71.8,90.07352941176472,49.0,63.47150259067358,15.848
deit_tiny,Level 4,cross_generator,1000,68.2,91.74311926605505,40.0,55.71030640668524,19.542
deit_tiny,Baseline,cross_generator,1000,66.8,88.53211010000001,38.6,53.760445700000005,17.436799999999998
deit_tiny,Level 1,cross_generator,1000,64.4,94.44444440000001,30.599999999999998,46.223565,13.845199999999998
mobilenetv3,Level 1,cross_generator,1000,62.2,85.8823529,29.2,43.5820896,16.5236
mobilenetv3,Level 2,cross_generator,1000,62.1,90.6040268,27.0,41.602465300000006,24.2812
deit_tiny,Level 2,cross_generator,1000,58.8,92.3076923,19.2,31.7880795,41.0544
mobilenetv3,Baseline,cross_generator,1000,56.8,98.5714286,13.8,24.210526299999998,11.784799999999999
