epoch,train_loss,train_accuracy,validation_loss,validation_accuracy,learning_rate_backbone,learning_rate_head
1,0.6699890002144707,0.5626666666666666,0.6340362868309021,0.695,4e-06,3.9999999999999996e-05
2,0.5707509949737125,0.6377777777777778,0.4986861181259155,0.802,7e-06,7e-05
3,0.5116500944826338,0.6462222222222223,0.41912783432006834,0.869,1e-05,0.0001
4,0.4779305758476257,0.6802222222222222,0.3782336790561676,0.895,9.949107209404664e-06,9.949107209404665e-05
5,0.45748263027932906,0.6584444444444445,0.3512366020679474,0.917,9.797464868072489e-06,9.797464868072488e-05
6,0.4346365629302131,0.7035555555555556,0.3302561755180359,0.933,9.548159976772593e-06,9.548159976772592e-05
7,0.42819848346710204,0.7204444444444444,0.33560994172096253,0.922,9.206267664155908e-06,9.206267664155907e-05
8,0.4019467165205214,0.724,0.3142780647277832,0.94,8.778747871771293e-06,8.778747871771291e-05
9,0.39639008786943225,0.6986666666666667,0.3136825308799744,0.938,8.274303669726428e-06,8.274303669726426e-05
10,0.3933982620239258,0.7162222222222222,0.3062790470123291,0.945,7.70320408727799e-06,7.703204087277988e-05
11,0.408131445646286,0.7417777777777778,0.30789601397514343,0.94,7.077075065009435e-06,7.077075065009433e-05
12,0.3732742274602254,0.732,0.2908647282123566,0.958,6.408662784207151e-06,6.408662784207149e-05
13,0.381288404835595,0.7048888888888889,0.2907856845855713,0.962,5.711574191366427e-06,5.711574191366425e-05
14,0.3876682254473368,0.7342222222222222,0.3030482625961304,0.944,5.000000000000003e-06,5.000000000000001e-05
15,0.3772845893965827,0.7491111111111111,0.29988443088531497,0.942,4.288425808633576e-06,4.288425808633574e-05
16,0.3662495715883043,0.7455555555555555,0.29695853662490845,0.946,3.5913372157928527e-06,3.5913372157928504e-05
17,0.3591406641271379,0.7466666666666667,0.2934858875274658,0.952,2.9229249349905695e-06,2.9229249349905677e-05
18,0.35819074103567333,0.7484444444444445,0.2829981770515442,0.962,2.296795912722015e-06,2.2967959127220133e-05
19,0.3625057961940765,0.7311111111111112,0.29000048351287844,0.955,1.7256963302735758e-06,1.7256963302735748e-05
